svofps_id,wavelength [Hz],wavelength [Angstrom],color,reference_flux,sncosmo_name,sncosmo_aliases,legacy_aliases,label,effective_width [Hz]
Generic/Bessell.U,836900000000000.0,3584.78,black,5.472e-06,bessellux,standard::u,U,Bessell/U,152177000000000.0
Generic/Bessell.B,686300000000000.0,4371.07,black,5.535e-06,bessellb,standard::b,B,Bessell/B,143098000000000.0
Generic/Bessell.V,547700000000000.0,5477.7,black,3.264e-06,bessellv,standard::v,V,Bessell/V,85870300000000.0
Generic/Bessell.R,461700000000000.0,6498.09,black,4.167e-06,bessellr,standard::r,R,Bessell/R,102780000000000.0
Generic/Bessell.I,374100000000000.0,8020.14,black,2.554e-06,besselli,standard::i,I,Bessell/I,67632200000000.0
2MASS/2MASS.J,242900000000000.0,12350.0,black,1.165e-06,2massj,,J,2MASS/J,31637500000000.0
2MASS/2MASS.H,180500000000000.0,16620.0,black,9.953e-07,2massh,,H,2MASS/H,27605900000000.0
2MASS/2MASS.K,139000000000000.0,21590.0,black,6.143e-07,2massks,,K|Ks,2MASS/K,16752000000000.0
PAN-STARRS/PS1.g,618700000000000.0,4849.11,black,4.937e-06,ps1::g,,,PS1/g,147767000000000.0
PAN-STARRS/PS1.r,483800000000000.0,6201.2,black,3.584e-06,ps1::r,,,PS1/r,102385000000000.0
PAN-STARRS/PS1.w,477300000000000.0,6285.91,black,7.368e-06,ps1::w,,,PS1/w,232589000000000.0
PAN-STARRS/PS1.open,432000000000000.0,6943.76,black,9.811e-06,ps1::open,,,PS1/open,270041000000000.0
PAN-STARRS/PS1.i,398100000000000.0,7534.96,black,2.33e-06,ps1::i,,,PS1/i,65493200000000.0
PAN-STARRS/PS1.z,345800000000000.0,8674.2,black,1.449e-06,ps1::z,,,PS1/z,38459200000000.0
PAN-STARRS/PS1.y,311600000000000.0,9627.79,black,7.517e-07,ps1::y,,y'|y|Y,PS1/y,19879700000000.0
APO/SDSS.u,843500000000000.0,3556.52,black,4.686e-06,sdssu,sdss::u,u'|u,SDSS/u,118036000000000.0
APO/SDSS.g,638000000000000.0,4702.5,black,5.313e-06,sdssg,sdss::g,g'|g,SDSS/g,156783000000000.0
APO/SDSS.r,485800000000000.0,6175.58,black,3.037e-06,sdssr,sdss::r,r'|r,SDSS/r,86856200000000.0
APO/SDSS.i,400500000000000.0,7489.98,black,2.153e-06,sdssi,sdss::i,i'|i,SDSS/i,58585500000000.0
APO/SDSS.z,335300000000000.0,8946.71,black,1.591e-06,sdssz,sdss::z,z'|z,SDSS/z,41064800000000.0
LSST/LSST.u,815200000000000.0,3680.04,black,3.822e-06,lsstu,,,Rubin/u,121706000000000.0
LSST/LSST.g,627300000000000.0,4782.26,black,6.074e-06,lsstg,,,Rubin/g,171581000000000.0
LSST/LSST.r,482500000000000.0,6217.82,black,3.433e-06,lsstr,,,Rubin/r,103635000000000.0
LSST/LSST.i,398300000000000.0,7532.28,black,2.269e-06,lssti,,,Rubin/i,63695200000000.0
LSST/LSST.z,345400000000000.0,8685.06,black,1.445e-06,lsstz,,,Rubin/z,39483500000000.0
LSST/LSST.y,308300000000000.0,9730.05,black,1.005e-06,lssty,,,Rubin/y,25774000000000.0
CTIO/DECam.g,623900000000000.0,4808.49,black,4.781e-06,desg,,,DES/g,147665000000000.0
CTIO/DECam.r,467500000000000.0,6417.65,black,3.409e-06,desr,,,DES/r,99638700000000.0
CTIO/DECam.i,383900000000000.0,7814.58,black,2.3e-06,desi,,,DES/i,67369800000000.0
CTIO/DECam.z,327200000000000.0,9168.85,black,1.679e-06,desz,,,DES/z,45184700000000.0
CTIO/DECam.Y,303200000000000.0,9896.11,black,7.511e-07,desy,,,DES/y,19251400000000.0
Palomar/ZTF.g,627200000000000.0,4783.5,black,5.785e-06,ztfg,,,ZTF/g,165636000000000.0
Palomar/ZTF.r,467500000000000.0,6417.1,black,3.796e-06,ztfr,,,ZTF/r,108076000000000.0
Palomar/ZTF.i,381300000000000.0,7867.41,black,2.34e-06,ztfi,,,ZTF/i,58669000000000.0
LCO/CSP.u,827600000000000.0,3624.8,black,3.363e-06,cspu,swope2::u,,CSP/u,94455500000000.0
LCO/CSP.B,683000000000000.0,4392.06,black,5.473e-06,cspb,swope2::b,,CSP/B,148957000000000.0
LCO/CSP.g,628400000000000.0,4774.12,black,5.689e-06,cspg,swope2::g,,CSP/g,171728000000000.0
LCO/CSP.V_LC3009,554200000000000.0,5412.96,black,3.457e-06,cspv3009,swope2::v1,,CSP/V3009,92830100000000.0
LCO/CSP.V_LC3014,557900000000000.0,5377.47,black,3.684e-06,cspv3014,swope2::v,,CSP/V3014,98901900000000.0
LCO/CSP.V,557500000000000.0,5380.76,black,3.35e-06,cspv9844,swope2::v2,,CSP/V9844,89408400000000.0
LCO/CSP.r,481700000000000.0,6227.46,black,3.201e-06,cspr,swope2::r,,CSP/r,94687700000000.0
LCO/CSP.i,393700000000000.0,7620.51,black,2.374e-06,cspi,swope2::i,,CSP/i,61961000000000.0
LCO/CSP.WIRC_Y,286800000000000.0,10458.72,black,1.088e-06,cspyd,,,CSP/WIRC/Y,31150300000000.0
LCO/CSP.Y,289000000000000.0,10380.39,black,1.269e-06,cspys,swope2::y,,CSP/Y,35656800000000.0
LCO/CSP.WIRC_J,241300000000000.0,12431.54,black,1.262e-06,cspjd,,,CSP/WIRC/J,35541300000000.0
LCO/CSP.J,241200000000000.0,12437.23,black,1.227e-06,cspjs,swope2::j,,CSP/J,34544900000000.0
LCO/CSP.WIRC_H,184700000000000.0,16242.63,black,9.958e-07,csphd,,,CSP/WIRC/H,29273700000000.0
LCO/CSP.H,184600000000000.0,16255.91,black,1.015e-06,csphs,swope2::h,,CSP/H,29790900000000.0
LCO/CSP.K,138900000000000.0,21593.57,black,6.758e-07,cspk,,,CSP/K,18244100000000.0
Kepler/Kepler.K,475900000000000.0,6303.36,black,1.126e-05,kepler,,,Kepler/K,257065000000000.0
FLWO/Keplercam.u,824700000000000.0,3637.49,black,4.332e-06,keplercam::us,,,Keplercam/u,154092000000000.0
FLWO/Keplercam.B_Harris,689300000000000.0,4352.04,black,5.662e-06,keplercam::b,,,Keplercam/B,162233000000000.0
FLWO/Keplercam.V_Harris,553700000000000.0,5417.67,black,3.434e-06,keplercam::v,,,Keplercam/V,96473800000000.0
FLWO/Keplercam.r,481300000000000.0,6233.01,black,4.006e-06,keplercam::r,,,Keplercam/r,108498000000000.0
FLWO/Keplercam.i,389000000000000.0,7711.0,black,2.604e-06,keplercam::i,,,Keplercam/i,68864000000000.0
Swift/UVOT.UVW2,1464000000000000.0,2049.89,black,1.792e-05,uvot::uvw2,,W2|UVW2,UVOT/w2,423842000000000.0
Swift/UVOT.UVM2,1334000000000000.0,2248.59,black,1.162e-05,uvot::uvm2,,M2|UVM2,UVOT/m2,305815000000000.0
Swift/UVOT.UVW1,1141000000000000.0,2628.38,black,1.345e-05,uvot::uvw1,,W1|UVW1,UVOT/w1,348958000000000.0
Swift/UVOT.U,864700000000000.0,3469.55,black,6.013e-06,uvot::u,,,UVOT/u,174724000000000.0
Swift/UVOT.white,893000000000000.0,3359.46,black,4.736e-05,uvot::white,,w,UVOT/white,752594000000000.0
Swift/UVOT.B,689600000000000.0,4350.3,black,5.07e-06,uvot::b,,,UVOT/b,134344000000000.0
Swift/UVOT.V,552900000000000.0,5426.26,black,2.45e-06,uvot::v,,,UVOT/v,64094200000000.0
Misc/Atlas.cyan,567400000000000.0,5287.72,black,8.713e-06,atlasc,,c|cyan,ATLAS/c,219921000000000.0
Misc/Atlas.orange,444400000000000.0,6750.15,black,5.841e-06,atlaso,,o|orange,ATLAS/o,150686000000000.0
FLWO/KeplerCam.U_Harris_old,824700000000000.0,3637.49,black,4.332e-06,4shooter2::us,,,4shooter/u,154092000000000.0
FLWO/KeplerCam.B_Harris_old,689300000000000.0,4352.04,black,5.662e-06,4shooter2::b,,,4shooter/b,161105000000000.0
FLWO/KeplerCam.V_Harris_old,553700000000000.0,5417.67,black,3.434e-06,4shooter2::v,,,4shooter/v,97597000000000.0
FLWO/KeplerCam.R_Harris_old,468800000000000.0,6399.4,black,3.798e-06,4shooter2::r,,,4shooter/r,103370000000000.0
FLWO/KeplerCam.i_old,389000000000000.0,7711.0,black,2.604e-06,4shooter2::i,,,4shooter/i,60101900000000.0
HST/ACS_WFC.F606W,506600000000000.0,5921.88,black,5.63e-06,acswf::f606w,,,ACS/F606W,168737000000000.0
HST/ACS_WFC.F775W,389900000000000.0,7693.47,black,2.559e-06,acswf::f775w,,,ACS/F775W,66729800000000.0
HST/ACS_WFC.F850LP,332200000000000.0,9031.48,black,1.775e-06,acswf::f850lp,,,ACS/F850LP,46358000000000.0
HST/NICMOS2.F110W,267000000000000.0,11234.92,black,3.213e-06,nicf110w,nicmos2::f110w,,NICMOS2/F110W,94632700000000.0
HST/NICMOS2.F160W,187100000000000.0,16030.37,black,1.325e-06,nicf160w,nicmos2::f160w,,NICMOS2/F160W,38001100000000.0
HST/WFC3_UVIS1.F475W,628500000000000.0,4773.1,black,6.161e-06,uvf475w,f475w,F475W,WFC3/F475W,175568000000000.0
HST/WFC3_UVIS1.F555W,565100000000000.0,5308.42,black,6.295e-06,uvf555w,f555w,,WFC3/F555W,164623000000000.0
HST/WFC3_UVIS1.F606W,509400000000000.0,5889.16,black,6.6e-06,uvf606w,f606w,F606W,WFC3/F606W,186509000000000.0
HST/WFC3_UVIS1.F625W,480600000000000.0,6242.56,black,4.075e-06,uvf625w,f625w,F625W,WFC3/F625W,112034000000000.0
HST/WFC3_UVIS1.F775W,392100000000000.0,7651.37,black,2.358e-06,uvf775w,f775w,F775W,WFC3/F775W,59869400000000.0
HST/WFC3_UVIS1.F814W,373200000000000.0,8039.03,black,3.019e-06,uvf814w,f814w,F814W,WFC3/F814W,71045400000000.0
HST/WFC3_UVIS1.F850LP,326900000000000.0,9176.14,black,1.599e-06,uvf850lp,f850lp,F850W,WFC3/F850LP,42099500000000.0
HST/WFC3_UVIS1.F218W,1348000000000000.0,2225.17,black,7.304e-06,f218w,,,WFC3/F218W,194721000000000.0
HST/WFC3_UVIS1.F225W,1265000000000000.0,2371.15,black,9.049e-06,f225w,,,WFC3/F225W,250461000000000.0
HST/WFC3_UVIS1.F275W,1107000000000000.0,2709.29,black,6.327e-06,f275w,,,WFC3/F275W,162679000000000.0
HST/WFC3_UVIS1.F300X,1064000000000000.0,2819.96,black,1.123e-05,f300x,,,WFC3/F300X,248887000000000.0
HST/WFC3_UVIS1.F336W,894300000000000.0,3354.43,black,4.99e-06,f336w,,F336W,WFC3/F336W,136011000000000.0
HST/WFC3_UVIS1.F390W,764600000000000.0,3923.67,black,5.823e-06,f390w,,,WFC3/F390W,173839000000000.0
HST/WFC3_UVIS1.F438W,693400000000000.0,4326.24,black,3.445e-06,f438w,,,WFC3/F438W,98892700000000.0
HST/ACS_WFC.F435W,692900000000000.0,4329.85,black,4.818e-06,f435w,,,ACS/F435W,137893000000000.0
HST/WFC3_UVIS1.F350LP,510700000000000.0,5873.9,black,1.704e-05,f350lp,,,WFC3/F350LP,388097000000000.0
Roman/WFI.F062,476900000000000.0,6290.8,black,6.013e-06,f062,,,Roman/F062,180182000000000.0
HST/WFC3_UVIS1.F689M,436200000000000.0,6876.76,black,1.596e-06,f689m,,,WFC3/F689M,43274500000000.0
JWST/NIRCam2025.F070W,426200000000000.0,7039.12,black,2.686e-06,f070w,,,NIRCAM/F070W,99434900000000.0
HST/WFC3_UVIS1.F763M,394000000000000.0,7614.39,black,1.392e-06,f763m,,,WFC3/F763M,36431600000000.0
HST/WFC3_UVIS1.F845M,355500000000000.0,8439.08,black,1.266e-06,f845m,,,WFC3/F845M,33142300000000.0
Roman/WFI.F087,345000000000000.0,8695.98,black,2.758e-06,f087,,,Roman/F087,80571400000000.0
JWST/NIRCam2025.F090W,332500000000000.0,9021.53,black,2.396e-06,f090w,,,NIRCAM/F090W,73059400000000.0
HST/WFC3_IR.F098M,304200000000000.0,9862.72,black,1.672e-06,f098m,,,WFC3/F098M,48260600000000.0
HST/WFC3_IR.F105W,284400000000000.0,10550.25,black,2.351e-06,f105w,,J1,WFC3/F105W,70930500000000.0
Roman/WFI.F106,283900000000000.0,10566.52,black,2.414e-06,f106,,,Roman/F106,70408400000000.0
JWST/NIRCam2025.F115W,259900000000000.0,11542.61,black,1.694e-06,f115w,,,NIRCAM/F115W,54930800000000.0
HST/WFC3_IR.F110W,260100000000000.0,11534.46,black,3.249e-06,f110w,,F110W,WFC3/F110W,98352600000000.0
HST/WFC3_IR.F125W,240300000000000.0,12486.07,black,1.89e-06,f125w,,,WFC3/F125W,54486700000000.0
HST/WFC3_IR.F127M,235500000000000.0,12741.07,black,4.522e-07,f127m,,,WFC3/F127M,12672800000000.0
Roman/WFI.F129,232500000000000.0,12901.34,black,1.949e-06,f129,,,Roman/F129,57159400000000.0
HST/WFC3_IR.F139M,216700000000000.0,13841.81,black,3.588e-07,f139m,,,WFC3/F139M,10040500000000.0
HST/WFC3_IR.F140W,215500000000000.0,13923.21,black,2.039e-06,f140w,,,WFC3/F140W,59024800000000.0
JWST/NIRCam2025.F140M,213500000000000.0,14053.23,black,7.56e-07,f140m,,,NIRCAM/F140M,22454900000000.0
Roman/WFI.F146,208600000000000.0,14377.83,black,4.496e-06,f146,,,Roman/F146,142667000000000.0
JWST/NIRCam2025.F150W,199900000000000.0,15007.44,black,1.411e-06,f150w,,,NIRCAM/F150W,44024200000000.0
HST/WFC3_IR.F153M,195700000000000.0,15332.75,black,3.209e-07,f153m,,,WFC3/F153M,8706810000000.0
HST/WFC3_IR.F160W,195200000000000.0,15370.34,black,1.278e-06,f160w,,F160W,WFC3/F160W,33960300000000.0
Roman/WFI.F158,190500000000000.0,15748.67,black,1.578e-06,f158,,,Roman/F158,46393800000000.0
JWST/NIRCam2025.F162M,184400000000000.0,16272.47,black,6.707e-07,f162m,,,NIRCAM/F162M,19426300000000.0
JWST/NIRCam2025.F182M,162600000000000.0,18451.67,black,7.228e-07,f182m,,,NIRCAM/F182M,21315700000000.0
Roman/WFI.F184,163100000000000.0,18394.1,black,9.797e-07,f184,,,Roman/F184,27932900000000.0
JWST/NIRCam2025.F200W,150900000000000.0,19886.48,black,1.167e-06,f200w,,,NIRCAM/F200W,35236300000000.0
JWST/NIRCam2025.F210M,143200000000000.0,20954.51,black,5.111e-07,f210m,,,NIRCAM/F210M,14253600000000.0
Roman/WFI.F213,141300000000000.0,21229.96,black,8.119e-07,f213,,,Roman/F213,23010200000000.0
JWST/NIRCam2025.F250M,119800000000000.0,25032.33,black,3.103e-07,f250m,,,NIRCAM/F250M,8533690000000.0
JWST/NIRCam2025.F277W,108600000000000.0,27617.4,black,9.584e-07,f277w,,,NIRCAM/F277W,27541600000000.0
JWST/NIRCam2025.F300M,100400000000000.0,29891.21,black,3.981e-07,f300m,,,NIRCAM/F300M,10722700000000.0
JWST/NIRCam2025.F335M,89230000000000.0,33620.67,black,3.275e-07,f335m,,,NIRCAM/F335M,9929080000000.0
JWST/NIRCam2025.F356W,84070000000000.0,35683.62,black,6.257e-07,f356w,,,NIRCAM/F356W,19321800000000.0
JWST/NIRCam2025.F360M,82780000000000.0,36241.76,black,2.98e-07,f360m,,,NIRCAM/F360M,8514810000000.0
JWST/NIRCam2025.F410M,73490000000000.0,40822.38,black,2.794e-07,f410m,,,NIRCAM/F410M,8022880000000.0
JWST/NIRCam2025.F430M,70070000000000.0,42812.58,black,1.365e-07,f430m,,,NIRCAM/F430M,3748620000000.0
JWST/NIRCam2025.F444W,68120000000000.0,44043.15,black,6.085e-07,f444w,,,NIRCAM/F444W,16988600000000.0
JWST/NIRCam2025.F460M,64800000000000.0,46299.28,black,1.174e-07,f460m,,,NIRCAM/F460M,3183770000000.0
JWST/NIRCam2025.F480M,62260000000000.0,48181.95,black,1.476e-07,f480m,,,NIRCAM/F480M,3754700000000.0
JWST/MIRI.F560W,53240000000000.0,56352.56,black,3.268e-07,f560w,,,MIRI/F560W,9409870000000.0
JWST/MIRI.F770W,39270000000000.0,76393.34,black,3.461e-07,f770w,,,MIRI/F770W,10083500000000.0
JWST/MIRI.F1000W,30140000000000.0,99531.16,black,1.887e-07,f1000w,,,MIRI/F1000W,5417870000000.0
JWST/MIRI.F1065C,28400000000000.0,105628.39,black,5.517e-08,f1065c,,,MIRI/F1065C,1401840000000.0
JWST/MIRI.F1280W,23420000000000.0,128101.38,black,1.63e-07,f1280w,,,MIRI/F1280W,1721040000000.0
JWST/MIRI.F1140C,26520000000000.0,113103.03,black,5.144e-08,f1140c,,,MIRI/F1140C,1315790000000.0
JWST/MIRI.F1130W,26530000000000.0,113085.01,black,6.164e-08,f1130w,,,MIRI/F1130W,4500670000000.0
JWST/MIRI.F1500W,19920000000000.0,150635.06,black,1.426e-07,f1500w,,,MIRI/F1500W,3850550000000.0
JWST/MIRI.F1550C,19330000000000.0,155167.74,black,3.186e-08,f1550c,,,MIRI/F1550C,973985000000.0
JWST/MIRI.F1800W,16680000000000.0,179837.22,black,9.882e-08,f1800w,,,MIRI/F1800W,2727420000000.0
JWST/MIRI.F2100W,14430000000000.0,207950.05,black,1.122e-07,f2100w,,,MIRI/F2100W,3159490000000.0
JWST/MIRI.F2300C,13250000000000.0,226446.44,black,9.225e-08,f2300c,,,MIRI/F2300C,2608700000000.0
JWST/MIRI.F2550W,11830000000000.0,253640.02,black,6.601e-08,f2550w,,,MIRI/F2550W,1701660000000.0
Spitzer/IRAC.I1,84800000000000.0,35378.41,black,6.006e-07,spitzer::I1,irac::I1,,IRAC/I1,84800000000000.0
Spitzer/IRAC.I2,66990000000000.0,44780.49,black,4.743e-07,spitzer::I2,irac::I2,,IRAC/I2,66990000000000.0
Spitzer/IRAC.I3,52670000000000.0,56961.78,black,4.269e-07,spitzer::I3,irac::I3,,IRAC/I3,52670000000000.0
Spitzer/IRAC.I4,38470000000000.0,77978.4,black,4.653e-07,spitzer::I4,irac::I4,,IRAC/I4,38470000000000.0
TESS/TESS.Red,389700000000000.0,7697.6,black,7.658e-06,tess,,,TESS,184016000000000.0
GAIA/GAIA3.G,479900000000000.0,6251.5,black,1.321e-05,gaia::G,gaia::g,G,Gaia/G,324422000000000.0
GAIA/GAIA3.Gbp,587100000000000.0,5109.71,black,9.421e-06,gaia::gbp,,,GAIA/Gbp,292235000000000.0
GAIA/GAIA3.Grp,386200000000000.0,7769.02,black,5.472e-06,gaia::grp,,,GAIA/Grp,140255000000000.0
GAIA/GAIA3.Grvs,349700000000000.0,8578.76,black,3.481e-07,gaia::grvs,,,GAIA/Grvs,9585670000000.0
GOTO/GOTO.B,649000000000000.0,4622.88,black,3.771e-06,gotob,,,GOTO/B,111724000000000.0
GOTO/GOTO.G,558200000000000.0,5374.54,black,3.255e-06,gotog,,,GOTO/G,93184100000000.0
GOTO/GOTO.L,543100000000000.0,5523.78,black,8.027e-06,gotol,,,GOTO/L,213237000000000.0
GOTO/GOTO.R,466800000000000.0,6426.84,black,2.51e-06,gotor,,,GOTO/R,65218100000000.0
SkyMapper/SkyMapper.u,858800000000000.0,3493.36,black,3.752e-06,skymapperu,,,SkyMapper/u,104345000000000.0
SkyMapper/SkyMapper.v,782100000000000.0,3835.93,black,2.366e-06,skymapperv,,,SkyMapper/v,782100000000000.0
SkyMapper/SkyMapper.g,591100000000000.0,5075.19,black,6.263e-06,skymapperg,,,SkyMapper/g,170453000000000.0
SkyMapper/SkyMapper.r,488700000000000.0,6138.44,black,4.143e-06,skymapperr,,,SkyMapper/r,120539000000000.0
SkyMapper/SkyMapper.i,386200000000000.0,7767.98,black,2.264e-06,skymapperi,,,SkyMapper/i,59580400000000.0
SkyMapper/SkyMapper.z,328000000000000.0,9145.99,black,1.515e-06,skymapperz,,,SkyMapper/z,39772700000000.0
LaSilla/GROND.g,662656000000000.0,4527.23762,black,7.46875e-06,grond::g,,,GROND/g,200964000000000.0
LaSilla/GROND.r,486935000000000.0,6160.98677,black,4.54945e-06,grond::r,,,GROND/r,123287000000000.0
LaSilla/GROND.i,393522000000000.0,7623.45714,black,1.77334e-06,grond::i,,,GROND/i,48652400000000.0
LaSilla/GROND.z,335271000000000.0,8947.99564,black,1.74805e-06,grond::z,,,GROND/z,47896900000000.0
LaSilla/GROND.J,243222000000000.0,12334.41211,black,1.65587e-06,grond::J,,,GROND/J,45209700000000.0
LaSilla/GROND.H,182844000000000.0,16407.47335,black,1.07394e-06,grond::H,,,GROND/H,29386000000000.0
LaSilla/GROND.K,138611000000000.0,21643.31551,black,7.07469e-07,grond::K,,,GROND/K,19388800000000.0
LaSilla/EFOSC.ESO782,586549000000000.0,5114.66331,black,3.30207e-06,efosc2::g,,,EFOSC/g,90401100000000.0
LaSilla/EFOSC.ESO784,449277000000000.0,6677.39711,black,2.34201e-06,efosc2::r,,,EFOSC/r,64171300000000.0
LaSilla/EFOSC.ESO705,375789000000000.0,7983.20082,black,2.43536e-06,efosc2::i,,,EFOSC/i,66545400000000.0
Euclid/VIS.vis,422300000000000.0,7103.37,black,7.577e-06,euclid::VIS,euclid::vis,,EUCLID/VIS,199711000000000.0
Euclid/NISP.Y,278154000000000.0,10785.39095,black,2.21005e-06,euclid::Y,,,EUCLID/Y,60154500000000.0
Euclid/NISP.J,220254000000000.0,13620.63423,black,2.12292e-06,euclid::J,,,EUCLID/J,57471400000000.0
Euclid/NISP.H,169983000000000.0,17648.79942,black,1.62313e-06,euclid::H,,,EUCLID/H,43954800000000.0
WISE/WISE.W1,89482800000000.0,33526.0,black,6.48523e-07,wise::W1,,,WISE/W1,17686300000000.0
WISE/WISE.W2,65177700000000.0,46028.0,black,5.42857e-07,wise::W2,,,WISE/W2,14759000000000.0
WISE/WISE.W3,25949800000000.0,115608.0,black,4.75685e-07,wise::W3,,,WISE/W3,12357900000000.0
WISE/WISE.W4,13581900000000.0,220883.0,black,9.23729e-08,wise::W4,,,WISE/W4,2522080000000.0
